year,make,model,title,price,currency,priceGBP,sold,date,estimateLow,estimateHigh
2008,BMW,M3 Convertible,2008 BMW M3 Convertible,17000,GBP,17000,false,2026-03-08,16000,18000
1989,BMW,Z1,1989 BMW Z1,46000,EUR,39560,false,2026-03-08,42000,50000
1997,BMW,Z3,1997 BMW Z3,13500,EUR,11610,false,2026-03-08,13000,14000
1974,BMW,3.0 CSL,1974 BMW 3.0 CSL,155000,GBP,155000,false,2026-03-07,150000,160000
1973,BMW,3.0 CSL,1973 BMW 3.0 CSL,67500,GBP,67500,false,2026-03-07,65000,70000
1987,BMW,320i Convertible,1987 BMW 320i Convertible,14000,GBP,14000,false,2026-03-07,12000,16000
2000,BMW,Alpina B10 3.3,2000 BMW Alpina B10 3.3,6000,GBP,6000,false,2026-03-07,5000,7000
1998,BMW,Z3,1998 BMW Z3,5500,GBP,5500,false,2026-03-07,5000,6000
1996,BMW,840 Ci,1996 BMW 840 Ci,9000,GBP,9000,false,2026-03-07,8000,10000
1998,BMW,328i Convertible,1998 BMW 328i Convertible,13500,GBP,13500,false,2026-03-07,11000,16000
1976,BMW,3.0 Si,1976 BMW 3.0 Si,20500,GBP,20500,false,2026-03-07,18000,23000
1988,BMW,M3 Evolution II,1988 BMW M3 Evolution II,156800,USD,123872,true,2026-03-06,,
2002,BMW,Z8,2002 BMW Z8,165200,USD,130508,true,2026-03-06,,
2022,BMW,Alpina B8 Gran Coupe,2022 BMW Alpina B8 Gran Coupe,89600,USD,70784,true,2026-03-06,,
1972,BMW,2002 te Electric Conversion by Bavarian Econs,1972 BMW 2002 te Electric Conversion by Bavarian Econs,84000,USD,66360,true,2026-03-06,,
1980,BMW,M1,1980 BMW M1,472500,USD,373275,true,2026-03-05,,
2025,BMW,Alpina B8 Gran Coupe,2025 BMW Alpina B8 Gran Coupe,145600,USD,115024,true,2026-03-05,,
1956,BMW,501,1956 BMW 501,29900,EUR,25714,false,2026-02-21,29900,29900
1976,BMW,3.3 Li,1976 BMW 3.3 Li,30000,EUR,25800,false,2026-02-21,30000,30000
1989,BMW,325i Cabriolet,1989 BMW 325i Cabriolet,16100,EUR,13846,true,2026-02-21,,
1995,BMW,525i,1995 BMW 525i,10000,EUR,8600,true,2026-02-21,,
1968,BMW,Glas 3000,1968 BMW Glas 3000,120000,EUR,103200,false,2026-02-21,120000,120000
1989,BMW,635 CSi Highline Motorsport Edition,1989 BMW 635 CSi Highline Motorsport Edition,50000,GBP,50000,true,2026-02-21,,
1989,BMW,635 CSi Motorsport Edition,1989 BMW 635 CSi Motorsport Edition,39937,GBP,39937,true,2026-02-21,,
1965,BMW,1800 Ti FIA HTP,1965 BMW 1800 Ti FIA HTP,21937,GBP,21937,true,2026-02-21,,
2019,BMW,i8 Roadster,2019 BMW i8 Roadster,45000,GBP,45000,true,2026-02-21,,
2020,BMW,M2 CS,2020 BMW M2 CS,88875,GBP,88875,true,2026-02-21,,
1994,BMW,M3,1994 BMW M3,38000,EUR,32680,false,2026-02-21,38000,38000
1995,BMW,M3,1995 BMW M3,38000,EUR,32680,false,2026-02-21,38000,38000
1974,BMW,2002 turbo,1974 BMW 2002 turbo,59000,EUR,50740,false,2026-02-21,59000,59000
1972,BMW,3.0 Si,1972 BMW 3.0 Si,30000,EUR,25800,false,2026-02-21,30000,30000
1930,BMW,Dixi,1930 BMW Dixi,25000,EUR,21500,false,2026-02-21,25000,25000
1973,BMW,2002,1973 BMW 2002,10528,GBP,10528,true,,,
1990,BMW,318is,1990 BMW 318is,9800,GBP,9800,true,,,
1997,BMW,318i Convertible,1997 BMW 318i Convertible,4920,GBP,4920,true,2026-02-14,,
1998,BMW,Z3 1.9,1998 BMW Z3 1.9,5980,GBP,5980,true,2026-02-14,,
1997,BMW,Z3 1.9,1997 BMW Z3 1.9,5220,GBP,5220,true,2026-02-14,,
2000,BMW,530i SE Turbo,2000 BMW 530i SE Turbo,5320,GBP,5320,true,2026-02-14,,
1989,BMW,635 CSi Motorsport Edition,1989 BMW 635 CSi Motorsport Edition,32000,GBP,32000,false,2026-02-14,30000,34000
2000,BMW,Alpina B10 3.3,2000 BMW Alpina B10 3.3,10000,GBP,10000,false,2026-02-14,9000,11000
2002,BMW,M3 Convertible,2002 BMW M3 Convertible,14000,GBP,14000,false,2026-02-14,13000,15000
1998,BMW,328i Sport,1998 BMW 328i Sport,7590,GBP,7590,true,2026-02-14,,
1996,BMW,328i Convertible,1996 BMW 328i Convertible,4720,GBP,4720,true,2026-02-14,,
2004,BMW,330i,2004 BMW 330i,5500,GBP,5500,false,2026-02-14,5000,6000
1990,BMW,320i,1990 BMW 320i,5800,GBP,5800,true,,,
1962,BMW,1500,1962 BMW 1500,7500,EUR,6450,false,,6000,9000
2004,BMW,M3 CSL,2004 BMW M3 CSL,100000,EUR,86000,false,,95000,105000
1979,BMW,530 IUS Replica,1979 BMW 530 IUS Replica,35500,EUR,30530,false,,33000,38000
1996,BMW,320i SE,1996 BMW 320i SE,3440,GBP,3440,true,2026-02-04,,
1995,BMW,323i,1995 BMW 323i,4408,GBP,4408,true,2026-02-04,,
1995,BMW,525i SE,1995 BMW 525i SE,4500,GBP,4500,false,2026-02-04,4000,5000
2003,BMW,M3,2003 BMW M3,24650,GBP,24650,true,2026-02-04,,
1998,BMW,Z3M Roadster,1998 BMW Z3M Roadster,14298,GBP,14298,true,2026-02-04,,
1998,BMW,523i SE,1998 BMW 523i SE,4429,GBP,4429,true,2026-02-04,,
1996,BMW,523i,1996 BMW 523i,2580,GBP,2580,true,2026-02-04,,
2005,BMW,630i,2005 BMW 630i,3333,GBP,3333,true,2026-02-04,,
2003,BMW,Z4 2.5i,2003 BMW Z4 2.5i,2580,GBP,2580,true,2026-02-04,,
2003,BMW,Z4 2.5i,2003 BMW Z4 2.5i,1320,GBP,1320,true,2026-02-04,,
2003,BMW,730d,2003 BMW 730d,5160,GBP,5160,true,2026-02-04,,
1990,BMW,320i Convertible,1990 BMW 320i Convertible,4644,GBP,4644,true,2026-02-01,,
2003,BMW,330 Ci Sport Convertible,2003 BMW 330 Ci Sport Convertible,3888,GBP,3888,true,2026-02-01,,
2003,BMW,318 Ci Sport Convertible,2003 BMW 318 Ci Sport Convertible,4320,GBP,4320,true,2026-02-01,,
1980,BMW,323i,1980 BMW 323i,3760,GBP,3760,true,2026-01-31,,
2003,BMW,520i,2003 BMW 520i,840,GBP,840,true,2026-01-31,,
1997,BMW,328i,1997 BMW 328i,2834,GBP,2834,true,2026-01-31,,
2003,BMW,325i,2003 BMW 325i,790,GBP,790,true,2026-01-31,,
1981,BMW,M1,1981 BMW M1,475000,EUR,408500,false,2026-01-30,450000,500000
1941,BMW,335 Cabriolet,1941 BMW 335 Cabriolet,66700,EUR,57362,true,2026-01-30,,
1981,BMW,M1,1981 BMW M1,522500,EUR,449350,true,2026-01-29,,
1992,BMW,320i Cabriolet,1992 BMW 320i Cabriolet,13400,GBP,13400,true,2026-01-29,,
1998,BMW,Z3 1.9,1998 BMW Z3 1.9,1500,GBP,1500,true,2026-01-29,,
1997,BMW,540i,1997 BMW 540i,7700,GBP,7700,true,2026-01-29,,
2004,BMW,Z4 2.5i SE Roadster,2004 BMW Z4 2.5i SE Roadster,1550,GBP,1550,true,2026-01-29,,
1939,BMW,327 Sport Cabriolet,1939 BMW 327 Sport Cabriolet,77625,EUR,66758,true,2026-01-28,,
2004,BMW,M3 CSL,2004 BMW M3 CSL,129375,EUR,111263,true,2026-01-28,,
1990,BMW,M3 Sport Evolution,1990 BMW M3 Sport Evolution,207000,EUR,178020,true,2026-01-28,,
1979,BMW,530 Production - Team JMS Racing,1979 BMW 530 Production - Team JMS Racing,70328,EUR,60482,true,2026-01-27,,
1938,BMW,328,1938 BMW 328,176000,USD,139040,true,2026-01-17,,
1995,BMW,M3,1995 BMW M3,30800,USD,24332,true,2026-01-17,,
2000,BMW,M5,2000 BMW M5,41250,USD,32588,true,2026-01-17,,
2001,BMW,Z3M Coupe,2001 BMW Z3M Coupe,66000,USD,52140,true,2026-01-17,,
2002,BMW,M3,2002 BMW M3,9000,GBP,9000,true,2026-01-24,,
2004,BMW,318 Ci,2004 BMW 318 Ci,1320,GBP,1320,true,2026-01-24,,
1980,BMW,M1,1980 BMW M1,604500,USD,477555,true,2026-01-23,,
1959,BMW,Isetta 300 Cabriolet,1959 BMW Isetta 300 Cabriolet,47040,USD,37162,true,2026-01-23,,
1997,BMW,850 Ci,1997 BMW 850 Ci,17920,USD,14157,true,2026-01-23,,
1987,BMW,Alpina B7 Turbo,1987 BMW Alpina B7 Turbo,140000,USD,110600,true,2026-01-23,,
1959,BMW,507,1959 BMW 507,1512500,USD,1194875,true,2026-01-06,,
1972,BMW,3.0 CS,1972 BMW 3.0 CS,73700,USD,58223,true,2026-01-06,,
2003,BMW,Alpina Roadster V8,2003 BMW Alpina Roadster V8,409750,USD,323703,true,2026-01-06,,
1980,BMW,M1,1980 BMW M1,770000,USD,608300,true,2026-01-06,,
1995,BMW,M3,1995 BMW M3,15400,USD,12166,true,2026-01-06,,
1988,BMW,M3,1988 BMW M3,99000,USD,78210,true,2026-01-06,,
2003,BMW,Alpina Roadster V8,2003 BMW Alpina Roadster V8,78810000,JPY,417693,true,2026-01-10,,
1979,BMW,M1,1979 BMW M1,85000000,JPY,450500,false,2026-01-10,80000000,90000000
1979,BMW,M1 Procar,1979 BMW M1 Procar,200000000,JPY,1060000,false,2026-01-10,180000000,220000000
2001,BMW,Z8,2001 BMW Z8,180000,CHF,160200,false,2025-12-29,175000,185000
1974,BMW,2002 turbo,1974 BMW 2002 turbo,89600,CHF,79744,true,2025-12-29,,
1986,BMW,518i,1986 BMW 518i,2800,GBP,2800,true,2025-12-17,,
1991,BMW,850i,1991 BMW 850i,14448,EUR,12425,true,2025-12-15,,
1991,BMW,850i,1991 BMW 850i,21672,EUR,18638,true,2025-12-15,,
1973,BMW,2002,1973 BMW 2002,13000,GBP,13000,false,,12000,14000
1990,BMW,318is,1990 BMW 318is,13000,GBP,13000,false,,12000,14000
1998,BMW,Z3,1998 BMW Z3,3136,GBP,3136,true,,,
1998,BMW,523i SE Individual,1998 BMW 523i SE Individual,5040,GBP,5040,true,,,
2007,BMW,Z4 3.0 Si Sport Coupe,2007 BMW Z4 3.0 Si Sport Coupe,6500,GBP,6500,false,,6000,7000
2002,BMW,320 Ci Cabriolet,2002 BMW 320 Ci Cabriolet,2072,GBP,2072,true,,,
2005,BMW,X5 Sport,2005 BMW X5 Sport,2016,GBP,2016,true,,,
2004,BMW,X5 Sport,2004 BMW X5 Sport,1680,GBP,1680,true,,,
2003,BMW,M3,2003 BMW M3,22760,GBP,22760,true,2025-12-10,,
1997,BMW,Z3 1.9,1997 BMW Z3 1.9,8338,GBP,8338,true,2025-12-06,,
1991,BMW,850i,1991 BMW 850i,6900,GBP,6900,true,2025-12-06,,
2003,BMW,M3,2003 BMW M3,16000,GBP,16000,false,2025-12-06,14000,18000
1997,BMW,328i,1997 BMW 328i,3542,GBP,3542,true,2025-12-06,,
1997,BMW,540i,1997 BMW 540i,4850,GBP,4850,true,2025-12-06,,
1987,BMW,525e,1987 BMW 525e,6000,GBP,6000,true,2025-12-06,,
2007,BMW,Z4M Coupe,2007 BMW Z4M Coupe,11615,GBP,11615,true,2025-12-06,,
1989,BMW,535i,1989 BMW 535i,1040,GBP,1040,true,2025-12-06,,
1996,BMW,M3 Evolution,1996 BMW M3 Evolution,11500,GBP,11500,true,2025-12-06,,
2006,BMW,630i,2006 BMW 630i,6000,GBP,6000,false,2025-12-06,5500,6500
2005,BMW,Z4,2005 BMW Z4,2180,GBP,2180,true,2025-12-06,,
1975,BMW,2002 tii,1975 BMW 2002 tii,19462,GBP,19462,true,2025-12-03,,
1996,BMW,750i L,1996 BMW 750i L,14625,GBP,14625,true,2025-12-03,,
1980,BMW,323i Turbo Schnitzer,1980 BMW 323i Turbo Schnitzer,10125,GBP,10125,true,2025-12-03,,
2004,BMW,745i SE Individual,2004 BMW 745i SE Individual,2362,GBP,2362,true,2025-12-03,,
1937,BMW,327 Convertible,1937 BMW 327 Convertible,100000,EUR,86000,false,2025-11-30,80000,120000
1994,BMW,850 CSi,1994 BMW 850 CSi,60000,EUR,51600,false,2025-11-30,50000,70000
1984,BMW,Alpina B7 Turbo,1984 BMW Alpina B7 Turbo,89820,EUR,77245,true,2025-11-30,,
1962,BMW,1500,1962 BMW 1500,7500,EUR,6450,false,2025-11-30,6000,9000
1979,BMW,"528i Modified ""530 ius""","1979 BMW 528i Modified ""530 ius""",35500,EUR,30530,false,2025-11-30,33000,38000
1997,BMW,Z3M Roadster,1997 BMW Z3M Roadster,36000,EUR,30960,true,2025-11-30,,
1968,BMW,1600 ti,1968 BMW 1600 ti,16800,EUR,14448,true,2025-11-30,,
1970,BMW,2000 CS,1970 BMW 2000 CS,3320,GBP,3320,true,2025-11-29,,
2002,BMW,M3 Convertible,2002 BMW M3 Convertible,10500,GBP,10500,false,2025-11-29,9000,12000
1973,BMW,3.0 CSL,1973 BMW 3.0 CSL,75504,GBP,75504,true,2025-11-29,,
1989,BMW,635 CSi Motorsport Edition,1989 BMW 635 CSi Motorsport Edition,44616,GBP,44616,true,2025-11-29,,
1999,BMW,Z3 2.8,1999 BMW Z3 2.8,7779,GBP,7779,true,2025-11-29,,
1996,BMW,Z3 1.9L James Bond,1996 BMW Z3 1.9L James Bond,24640,EUR,21190,true,,,
1995,BMW,750i,1995 BMW 750i,12320,EUR,10595,true,,,
2008,BMW,550i,2008 BMW 550i,7840,EUR,6742,true,,,
1995,BMW,M3,1995 BMW M3,20000,GBP,20000,false,2025-11-23,18000,22000
2000,BMW,Z3,2000 BMW Z3,7962,GBP,7962,true,2025-11-23,,
2002,BMW,525i M Sport,2002 BMW 525i M Sport,2100,GBP,2100,true,2025-11-23,,
1999,BMW,Z3M Roadster,1999 BMW Z3M Roadster,16500,GBP,16500,false,2025-11-23,15000,18000
1999,BMW,M3 Evolution Convertible,1999 BMW M3 Evolution Convertible,16500,GBP,16500,false,2025-11-23,15000,18000
1974,BMW,2002 touring,1974 BMW 2002 touring,17500,GBP,17500,false,2025-11-22,15000,20000
1999,BMW,Z3M Roadster,1999 BMW Z3M Roadster,15500,GBP,15500,true,2025-11-22,,
1988,BMW,320iS,1988 BMW 320iS,23214,GBP,23214,true,2025-11-22,,
2016,BMW,Alpina B6 Gran Coupe,2016 BMW Alpina B6 Gran Coupe,31900,USD,25201,true,2025-11-13,,
2002,BMW,M3,2002 BMW M3,12500,GBP,12500,false,2025-11-15,12000,13000
2003,BMW,Z4 2.2i SE,2003 BMW Z4 2.2i SE,1750,GBP,1750,true,2025-11-15,,
2005,BMW,Z4 2.0i SE,2005 BMW Z4 2.0i SE,2250,GBP,2250,true,2025-11-15,,
2004,BMW,320 Ci Sport,2004 BMW 320 Ci Sport,2768,GBP,2768,true,2025-11-15,,
2004,BMW,525d SE,2004 BMW 525d SE,1200,GBP,1200,true,2025-11-15,,
1990,BMW,320i,1990 BMW 320i,6665,GBP,6665,true,2025-11-12,,
1998,BMW,520i SE,1998 BMW 520i SE,7525,GBP,7525,true,2025-11-12,,
1983,BMW,635 CSi,1983 BMW 635 CSi,11879,GBP,11879,true,2025-11-12,,
2003,BMW,M3,2003 BMW M3,12500,GBP,12500,false,2025-11-12,12000,13000
1999,BMW,Z3,1999 BMW Z3,2200,GBP,2200,true,2025-11-12,,
2002,BMW,Z3,2002 BMW Z3,3763,GBP,3763,true,2025-11-12,,
1999,BMW,Z3,1999 BMW Z3,12470,GBP,12470,true,2025-11-12,,
2000,BMW,Z3,2000 BMW Z3,1100,GBP,1100,true,2025-11-12,,
1988,BMW,750i L,1988 BMW 750i L,10500,GBP,10500,false,2025-11-12,9000,12000
2003,BMW,320 Ci,2003 BMW 320 Ci,1320,GBP,1320,true,2025-11-12,,
2002,BMW,735 Li,2002 BMW 735 Li,2473,GBP,2473,true,2025-11-12,,
1999,BMW,316i Compact,1999 BMW 316i Compact,1870,GBP,1870,true,2025-11-12,,
1986,BMW,325i Cabriolet,1986 BMW 325i Cabriolet,4623,GBP,4623,true,2025-11-12,,
2001,BMW,Z3,2001 BMW Z3,6665,GBP,6665,true,2025-11-12,,
2005,BMW,M3 CS,2005 BMW M3 CS,32500,GBP,32500,false,2025-11-09,30000,35000
1991,BMW,318i Convertible,1991 BMW 318i Convertible,9562,GBP,9562,true,2025-11-09,,
1990,BMW,325i Alpina 3 Styling Pack,1990 BMW 325i Alpina 3 Styling Pack,30375,GBP,30375,true,2025-11-09,,
2002,BMW,M3 Cabriolet,2002 BMW M3 Cabriolet,7312,GBP,7312,true,2025-11-09,,
2007,BMW,M3,2007 BMW M3,20250,GBP,20250,true,2025-11-09,,
2005,BMW,M3 Cabriolet,2005 BMW M3 Cabriolet,21937,GBP,21937,true,2025-11-09,,
2000,BMW,M5,2000 BMW M5,17437,GBP,17437,true,2025-11-09,,
1983,BMW,628 CSi,1983 BMW 628 CSi,14062,GBP,14062,true,2025-11-09,,
1999,BMW,Alpina B3 3.2 Cabriolet,1999 BMW Alpina B3 3.2 Cabriolet,12508,GBP,12508,true,2025-11-09,,
1969,BMW,1600 Convertible,1969 BMW 1600 Convertible,39600,EUR,34056,true,2025-11-09,,
1936,BMW,329,1936 BMW 329,33600,EUR,28896,true,2025-11-09,,
1994,BMW,M3,1994 BMW M3,1110000,JPY,5883,true,2025-11-08,,
2023,BMW,M850i THE 8 X JEFF KOONS,2023 BMW M850i THE 8 X JEFF KOONS,23750000,JPY,125875,false,2025-11-08,23000000,24500000
1985,BMW,Alpina B9 3.5 Coupe,1985 BMW Alpina B9 3.5 Coupe,17205000,JPY,91187,true,2025-11-08,,
1987,BMW,M3,1987 BMW M3,68400,EUR,58824,true,2025-11-08,,
1988,BMW,750i L,1988 BMW 750i L,12600,EUR,10836,true,2025-11-08,,
1982,BMW,316,1982 BMW 316,13500,GBP,13500,true,2025-11-08,,
1989,BMW,635 CSi Highline Motorsport Edition,1989 BMW 635 CSi Highline Motorsport Edition,55125,GBP,55125,true,2025-11-08,,
1996,BMW,316i,1996 BMW 316i,1260,GBP,1260,true,2025-11-01,,
1999,BMW,318i Convertible,1999 BMW 318i Convertible,3564,GBP,3564,true,2025-11-01,,
1996,BMW,318 ti,1996 BMW 318 ti,3186,GBP,3186,true,2025-11-01,,
1994,BMW,325i Convertible,1994 BMW 325i Convertible,1760,GBP,1760,true,2025-11-01,,
2002,BMW,525i Sport,2002 BMW 525i Sport,5184,GBP,5184,true,2025-11-01,,
2015,BMW,M5,2015 BMW M5,19710,GBP,19710,true,2025-11-01,,
1985,BMW,M635 CSi,1985 BMW M635 CSi,13176,GBP,13176,true,2025-11-01,,
2006,BMW,630i,2006 BMW 630i,2916,GBP,2916,true,2025-11-01,,
2005,BMW,645 Ci,2005 BMW 645 Ci,2700,GBP,2700,true,2025-11-01,,
1980,BMW,M1,1980 BMW M1,398750,GBP,398750,true,2025-11-01,,
1941,BMW,327 Sport Cabriolet,1941 BMW 327 Sport Cabriolet,130000,CHF,115700,false,2025-11-01,120000,140000
1959,BMW,Isetta 300,1959 BMW Isetta 300,13800,CHF,12282,true,2025-11-01,,
1959,BMW,503 Cabriolet,1959 BMW 503 Cabriolet,450000,USD,355500,false,2025-10-31,425000,475000
1995,BMW,M3,1995 BMW M3,53200,USD,42028,true,2025-10-31,,
1988,BMW,M6,1988 BMW M6,30800,USD,24332,true,2025-10-31,,
2001,BMW,Z8,2001 BMW Z8,300000,USD,237000,false,2025-10-31,275000,325000
2002,BMW,Z8,2002 BMW Z8,262500,USD,207375,false,2025-10-31,250000,275000
1974,BMW,2002 turbo,1974 BMW 2002 turbo,95200,USD,75208,true,2025-10-31,,
1938,BMW,327/28 Specification Sport Cabriolet,1938 BMW 327/28 Specification Sport Cabriolet,142800,USD,112812,true,2025-10-31,,
2003,BMW,M3 Convertible,2003 BMW M3 Convertible,6500,GBP,6500,false,2025-10-30,6000,7000
1987,BMW,M5,1987 BMW M5,15200,GBP,15200,true,2025-10-30,,
1999,BMW,Z3 1.9,1999 BMW Z3 1.9,450,GBP,450,true,2025-10-30,,
1973,BMW,2002,1973 BMW 2002,13000,GBP,13000,false,,12000,14000
1973,BMW,2002 tii,1973 BMW 2002 tii,1015,GBP,1015,true,,,
2002,BMW,330 Ci SE,2002 BMW 330 Ci SE,3091,GBP,3091,true,,,
1999,BMW,328 Ci,1999 BMW 328 Ci,3528,GBP,3528,true,,,
1988,BMW,320i,1988 BMW 320i,4578,GBP,4578,true,2025-10-25,,
1983,BMW,635 CSi,1983 BMW 635 CSi,7303,GBP,7303,true,2025-10-25,,
1986,BMW,635 CSi,1986 BMW 635 CSi,6268,GBP,6268,true,2025-10-25,,
1997,BMW,728i,1997 BMW 728i,3815,GBP,3815,true,2025-10-25,,
2003,BMW,M3,2003 BMW M3,16000,GBP,16000,false,2025-10-25,14000,18000
2007,BMW,M6,2007 BMW M6,9538,GBP,9538,true,2025-10-25,,
1999,BMW,Z3,1999 BMW Z3,890,GBP,890,true,2025-10-25,,
1992,BMW,850i,1992 BMW 850i,12535,GBP,12535,true,2025-10-25,,
1987,BMW,525e,1987 BMW 525e,6500,GBP,6500,false,2025-10-25,6000,7000
2007,BMW,630i,2007 BMW 630i,3542,GBP,3542,true,2025-10-25,,
2004,BMW,316 ti,2004 BMW 316 ti,1308,GBP,1308,true,2025-10-25,,
2002,BMW,325 ti,2002 BMW 325 ti,1362,GBP,1362,true,2025-10-25,,
1996,BMW,M3 Evolution,1996 BMW M3 Evolution,16000,GBP,16000,false,2025-10-25,14000,18000
1999,BMW,Z3,1999 BMW Z3,2800,GBP,2800,true,2025-10-23,,
2002,BMW,330 Ci,2002 BMW 330 Ci,1000,GBP,1000,true,2025-10-23,,
1972,BMW,3.0 CSi,1972 BMW 3.0 CSi,61600,CHF,54824,true,2025-10-18,,
1993,BMW,325i Cabriolet,1993 BMW 325i Cabriolet,3640,CHF,3240,true,2025-10-18,,
1981,BMW,635 CSi,1981 BMW 635 CSi,29120,CHF,25917,true,2025-10-18,,
2002,BMW,325 ti Compact,2002 BMW 325 ti Compact,4480,CHF,3987,true,2025-10-18,,
1990,BMW,318i Touring,1990 BMW 318i Touring,2620,GBP,2620,true,2025-10-18,,
1993,BMW,318i Lux Convertible,1993 BMW 318i Lux Convertible,17000,GBP,17000,false,2025-10-18,16000,18000
1992,BMW,318i Convertible,1992 BMW 318i Convertible,4970,GBP,4970,true,2025-10-18,,
2004,BMW,Z4 3.0i SE,2004 BMW Z4 3.0i SE,8625,GBP,8625,true,2025-10-18,,
1957,BMW,507,1957 BMW 507,1467500,EUR,1262050,true,2025-10-18,,
1973,BMW,3.0 CSL,1973 BMW 3.0 CSL,195500,EUR,168130,true,2025-10-18,,
2003,BMW,Alpina Roadster V8,2003 BMW Alpina Roadster V8,303125,EUR,260688,true,2025-10-18,,
1980,BMW,M1,1980 BMW M1,567500,EUR,488050,true,2025-10-18,,
1992,BMW,M3 Cabriolet,1992 BMW M3 Cabriolet,143750,EUR,123625,true,2025-10-18,,
1995,BMW,M3 Cabriolet,1995 BMW M3 Cabriolet,161000,EUR,138460,true,2025-10-18,,
2002,BMW,M3 Cabriolet,2002 BMW M3 Cabriolet,132250,EUR,113735,true,2025-10-18,,
2017,BMW,M3 30 Jahre Edition,2017 BMW M3 30 Jahre Edition,126500,EUR,108790,true,2025-10-18,,
1990,BMW,Z1,1990 BMW Z1,80500,EUR,69230,true,2025-10-18,,
2012,BMW,1M Coupe,2012 BMW 1M Coupe,69000,EUR,59340,true,2025-10-18,,
2023,BMW,M4 Edition 50 Jahre BMW M,2023 BMW M4 Edition 50 Jahre BMW M,74750,EUR,64285,true,2025-10-18,,
1975,BMW,2002 turbo,1975 BMW 2002 turbo,126500,EUR,108790,true,2025-10-18,,
2002,BMW,Z3M Coupe,2002 BMW Z3M Coupe,126500,EUR,108790,true,2025-10-18,,
2000,BMW,Z3M Roadster,2000 BMW Z3M Roadster,97750,EUR,84065,true,2025-10-18,,
2007,BMW,Z4M Roadster,2007 BMW Z4M Roadster,51750,EUR,44505,true,2025-10-18,,
2003,BMW,M3 CSL,2003 BMW M3 CSL,178250,EUR,153295,true,2025-10-18,,
1990,BMW,M3 Sport Evolution,1990 BMW M3 Sport Evolution,325625,EUR,280038,true,2025-10-18,,
2010,BMW,M3 GTS,2010 BMW M3 GTS,269375,EUR,231663,true,2025-10-18,,
1995,BMW,M3 GT,1995 BMW M3 GT,275000,EUR,236500,true,2025-10-18,,
2007,BMW,Z4M Coupe,2007 BMW Z4M Coupe,80500,EUR,69230,true,2025-10-18,,
2016,BMW,M2,2016 BMW M2,63250,EUR,54395,true,2025-10-18,,
2016,BMW,M4 GTS,2016 BMW M4 GTS,120750,EUR,103845,true,2025-10-18,,
2023,BMW,M4 CSL,2023 BMW M4 CSL,120750,EUR,103845,true,2025-10-18,,
2011,BMW,M3 CRT,2011 BMW M3 CRT,258125,EUR,221988,true,2025-10-18,,
2022,BMW,M4 GT3,2022 BMW M4 GT3,646250,EUR,555775,true,2025-10-18,,
1972,BMW,2002,1972 BMW 2002,11250,GBP,11250,true,2025-10-15,,
2002,BMW,M5,2002 BMW M5,22500,GBP,22500,false,2025-10-15,20000,25000
1999,BMW,318i Convertible,1999 BMW 318i Convertible,5625,GBP,5625,true,2025-10-15,,
2004,BMW,745i SE Individual,2004 BMW 745i SE Individual,5062,GBP,5062,true,2025-10-15,,
1997,BMW,Z3 1.9,1997 BMW Z3 1.9,2250,GBP,2250,true,2025-10-15,,
2000,BMW,Z8,2000 BMW Z8,218500,EUR,187910,true,2025-10-12,,
2001,BMW,Z8,2001 BMW Z8,195500,EUR,168130,true,2025-10-12,,
1970,BMW,2000 CS,1970 BMW 2000 CS,8000,GBP,8000,false,2025-10-11,7000,9000
1989,BMW,730i SE,1989 BMW 730i SE,6000,GBP,6000,false,2025-10-11,5500,6500
2002,BMW,M3 Convertible,2002 BMW M3 Convertible,11000,GBP,11000,false,2025-10-11,10000,12000
1998,BMW,328i Sport,1998 BMW 328i Sport,3720,GBP,3720,true,2025-10-11,,
1999,BMW,328i Convertible,1999 BMW 328i Convertible,5500,GBP,5500,false,2025-10-11,5000,6000
1998,BMW,840 Ci Sport,1998 BMW 840 Ci Sport,13000,GBP,13000,false,2025-10-11,12000,14000
1937,BMW,327 Cabriolet,1937 BMW 327 Cabriolet,100000,EUR,86000,false,2025-10-11,80000,120000
1990,BMW,Z1,1990 BMW Z1,51833,EUR,44576,true,2025-10-11,,
1968,BMW,2000 C,1968 BMW 2000 C,30348,EUR,26099,true,2025-10-11,,
1997,BMW,528i SE,1997 BMW 528i SE,4945,GBP,4945,true,2025-10-08,,
1997,BMW,M3,1997 BMW M3,9500,GBP,9500,false,2025-10-08,9000,10000
2003,BMW,M3,2003 BMW M3,10213,GBP,10213,true,2025-10-08,,
2003,BMW,M3,2003 BMW M3,15000,GBP,15000,false,2025-10-08,14000,16000
2005,BMW,M5,2005 BMW M5,12148,GBP,12148,true,2025-10-08,,
1971,BMW,2002 tii,1971 BMW 2002 tii,5375,GBP,5375,true,2025-10-08,,
2004,BMW,Z4 2.2i SE,2004 BMW Z4 2.2i SE,880,GBP,880,true,2025-10-08,,
2002,BMW,735 Li,2002 BMW 735 Li,3500,GBP,3500,false,2025-10-08,3000,4000
1976,BMW,3.0 CSL Group 2,1976 BMW 3.0 CSL Group 2,490000,EUR,421400,true,2025-10-10,,
1973,BMW,3.0 CSL,1973 BMW 3.0 CSL,225000,EUR,193500,false,2025-10-10,200000,250000
1974,BMW,2002 turbo,1974 BMW 2002 turbo,80500,EUR,69230,true,2025-10-10,,
2001,BMW,316i,2001 BMW 316i,3136,GBP,3136,true,2025-10-03,,
1986,BMW,320i,1986 BMW 320i,6720,GBP,6720,true,2025-10-03,,
1999,BMW,328i,1999 BMW 328i,246,GBP,246,true,2025-10-03,,
1965,BMW,1600,1965 BMW 1600,19264,EUR,16567,true,2025-09-28,,
2004,BMW,Alpina B3 S Convertible,2004 BMW Alpina B3 S Convertible,7031,GBP,7031,true,2025-09-28,,
2007,BMW,Alpina B5,2007 BMW Alpina B5,8438,GBP,8438,true,2025-09-28,,
2014,BMW,Alpina D3 Biturbo,2014 BMW Alpina D3 Biturbo,14625,GBP,14625,true,2025-09-28,,
1957,BMW,Isetta 300,1957 BMW Isetta 300,33000,USD,26070,true,2025-09-20,,
1959,BMW,Isetta 600,1959 BMW Isetta 600,27500,USD,21725,true,2025-09-20,,
1936,BMW,319 Cabriolet,1936 BMW 319 Cabriolet,96800,USD,76472,true,2025-09-20,,
2004,BMW,M3,2004 BMW M3,12362,GBP,12362,true,2025-09-20,,
1971,BMW,2002,1971 BMW 2002,26000,GBP,26000,false,2025-09-20,24000,28000
1999,BMW,Z3,1999 BMW Z3,1150,GBP,1150,true,2025-09-20,,
1992,BMW,850i,1992 BMW 850i,6450,GBP,6450,true,2025-09-20,,
2005,BMW,Z4 2.5i SE,2005 BMW Z4 2.5i SE,1450,GBP,1450,true,2025-09-20,,
2002,BMW,325i SE,2002 BMW 325i SE,10000,GBP,10000,false,2025-09-20,8000,12000
2000,BMW,Alpina B10 V8,2000 BMW Alpina B10 V8,17160,GBP,17160,true,2025-09-20,,
1958,BMW,Isetta 600,1958 BMW Isetta 600,15000,GBP,15000,false,2025-09-20,13000,17000
2004,BMW,M3 Convertible,2004 BMW M3 Convertible,33000,GBP,33000,false,2025-09-20,31000,35000
1995,BMW,328i Convertible,1995 BMW 328i Convertible,17732,GBP,17732,true,2025-09-20,,
2005,BMW,Z4 3.0i SE,2005 BMW Z4 3.0i SE,1750,GBP,1750,true,2025-09-20,,
2005,BMW,Z4 2.0i SE,2005 BMW Z4 2.0i SE,2125,GBP,2125,false,2025-09-20,1750,2500
2003,BMW,316 ti,2003 BMW 316 ti,3375,GBP,3375,false,2025-09-20,3000,3750
2002,BMW,330i Sport,2002 BMW 330i Sport,3080,GBP,3080,true,2025-09-20,,
1995,BMW,328i,1995 BMW 328i,10000,GBP,10000,true,2025-09-20,,
2000,BMW,Z3M Roadster,2000 BMW Z3M Roadster,13500,GBP,13500,true,2025-09-20,,
2003,BMW,318 Ci,2003 BMW 318 Ci,1750,GBP,1750,true,2025-09-20,,
1997,BMW,323i Coupe,1997 BMW 323i Coupe,5000,GBP,5000,true,2025-09-20,,
2010,BMW,M3 GT4,2010 BMW M3 GT4,55000,GBP,55000,false,2025-09-20,50000,60000
2000,BMW,728i,2000 BMW 728i,10000,GBP,10000,false,,9000,11000
1957,BMW,Isetta 300,1957 BMW Isetta 300,16250,GBP,16250,false,,15500,17000
2003,BMW,M3 Convertible,2003 BMW M3 Convertible,8960,GBP,8960,true,,,
2007,BMW,Z4 3.0 Si Sport Coupe,2007 BMW Z4 3.0 Si Sport Coupe,6720,GBP,6720,true,,,
2000,BMW,316 ti,2000 BMW 316 ti,1967,GBP,1967,true,,,
2002,BMW,330 Ci SE,2002 BMW 330 Ci SE,2557,GBP,2557,true,,,
2005,BMW,318 Ci SE,2005 BMW 318 Ci SE,455,GBP,455,true,,,
1989,BMW,316i,1989 BMW 316i,1680,EUR,1445,true,2025-09-14,,
1978,BMW,633 CSi,1978 BMW 633 CSi,14640,EUR,12590,true,2025-09-14,,
1991,BMW,850i,1991 BMW 850i,17400,EUR,14964,true,2025-09-14,,
1988,BMW,316,1988 BMW 316,6812,GBP,6812,true,2025-09-13,,
1998,BMW,320i,1998 BMW 320i,5000,GBP,5000,false,2025-09-13,4000,6000
2003,BMW,520i,2003 BMW 520i,2000,GBP,2000,false,2025-09-13,1500,2500
2002,BMW,525i,2002 BMW 525i,4905,GBP,4905,true,2025-09-13,,
1997,BMW,728i,1997 BMW 728i,5000,GBP,5000,false,2025-09-13,4000,6000
2003,BMW,M3,2003 BMW M3,90850,GBP,90850,true,2025-09-13,,
1999,BMW,328i Convertible Edition,1999 BMW 328i Convertible Edition,7000,GBP,7000,false,2025-09-13,6000,8000
1998,BMW,840 Ci Sport,1998 BMW 840 Ci Sport,13000,GBP,13000,false,2025-09-13,12000,14000
2007,BMW,M6,2007 BMW M6,12000,GBP,12000,false,2025-09-13,11000,13000
1998,BMW,Z3 2.8i,1998 BMW Z3 2.8i,2180,GBP,2180,true,2025-09-13,,
1995,BMW,Alpina B3,1995 BMW Alpina B3,6540,GBP,6540,true,2025-09-13,,
1995,BMW,Alpina B3,1995 BMW Alpina B3,7085,GBP,7085,true,2025-09-13,,
1991,BMW,325i Sport,1991 BMW 325i Sport,21000,GBP,21000,true,,,
1973,BMW,3.0 CSi,1973 BMW 3.0 CSi,55125,GBP,55125,true,2025-09-10,,
1994,BMW,840 Ci,1994 BMW 840 Ci,19000,GBP,19000,false,2025-09-06,18000,20000
1998,BMW,316i,1998 BMW 316i,3120,GBP,3120,true,2025-09-06,,
2002,BMW,316i SE,2002 BMW 316i SE,4320,GBP,4320,true,2025-09-06,,
1990,BMW,320i Convertible,1990 BMW 320i Convertible,12000,GBP,12000,false,2025-09-06,11000,13000
2004,BMW,320i SE,2004 BMW 320i SE,6210,GBP,6210,true,2025-09-06,,
1998,BMW,323i Convertible,1998 BMW 323i Convertible,4020,GBP,4020,true,2025-09-06,,
1989,BMW,635 CSi,1989 BMW 635 CSi,12390,GBP,12390,true,2025-09-06,,
2003,BMW,M3,2003 BMW M3,14375,GBP,14375,true,2025-09-06,,
1956,BMW,501 - 8,1956 BMW 501 - 8,11500,GBP,11500,true,2025-09-06,,
1963,BMW,700 CS,1963 BMW 700 CS,14298,GBP,14298,true,2025-09-03,,
1997,BMW,323i,1997 BMW 323i,3010,GBP,3010,true,2025-09-03,,
1986,BMW,325i Cabriolet,1986 BMW 325i Cabriolet,7000,GBP,7000,false,2025-09-03,6000,8000
1999,BMW,Z3,1999 BMW Z3,3300,GBP,3300,false,2025-09-03,2800,3800
1989,BMW,325i Cabriolet,1989 BMW 325i Cabriolet,11395,GBP,11395,true,2025-09-03,,
1996,BMW,M3 Evolution,1996 BMW M3 Evolution,14889,GBP,14889,true,2025-09-03,,
2004,BMW,330d SE Touring,2004 BMW 330d SE Touring,3440,GBP,3440,true,2025-09-03,,
1995,BMW,316i,1995 BMW 316i,2376,GBP,2376,true,2025-08-30,,
1997,BMW,318i Touring,1997 BMW 318i Touring,1360,GBP,1360,true,2025-08-30,,
1998,BMW,Z3 1.9,1998 BMW Z3 1.9,1260,GBP,1260,true,2025-08-30,,
1997,BMW,Z3 2.8,1997 BMW Z3 2.8,3888,GBP,3888,true,2025-08-30,,
1999,BMW,Z3M Coupe,1999 BMW Z3M Coupe,25920,GBP,25920,true,2025-08-30,,
1940,BMW,328 Roadster,1940 BMW 328 Roadster,491750,USD,388483,true,2025-08-28,,
1969,BMW,2002,1969 BMW 2002,32480,USD,25659,true,2025-08-28,,
2003,BMW,Alpina Roadster V8,2003 BMW Alpina Roadster V8,266000,USD,210140,true,2025-08-28,,
1957,BMW,Isetta,1957 BMW Isetta,31360,USD,24774,true,2025-08-28,,
1974,BMW,2002 tii,1974 BMW 2002 tii,33060,USD,26117,true,2025-08-28,,
1993,BMW,850 CSi,1993 BMW 850 CSi,112000,USD,88480,true,2025-08-28,,
1974,BMW,2002,1974 BMW 2002,24750,GBP,24750,true,2025-08-24,,
1973,BMW,3.0 CSA,1973 BMW 3.0 CSA,32625,GBP,32625,true,2025-08-24,,
1991,BMW,325i,1991 BMW 325i,8437,GBP,8437,true,2025-08-24,,
2002,BMW,M3,2002 BMW M3,30375,GBP,30375,true,2025-08-24,,
2003,BMW,M3 Cabriolet,2003 BMW M3 Cabriolet,10125,GBP,10125,true,2025-08-24,,
2007,BMW,M5,2007 BMW M5,21375,GBP,21375,true,2025-08-24,,
1971,BMW,2002 Rally Car,1971 BMW 2002 Rally Car,27500,GBP,27500,false,2025-08-22,25000,30000
2004,BMW,Alpina Roadster S,2004 BMW Alpina Roadster S,25875,GBP,25875,true,2025-08-22,,
1988,BMW,M3 2.5-litre Group A FIA,1988 BMW M3 2.5-litre Group A FIA,105750,GBP,105750,true,2025-08-22,,
2004,BMW,Alpina B3 S 3.4,2004 BMW Alpina B3 S 3.4,16875,GBP,16875,true,2025-08-22,,
1993,BMW,850 CSi,1993 BMW 850 CSi,48375,GBP,48375,true,2025-08-22,,
2000,BMW,Z3M Coupe,2000 BMW Z3M Coupe,43312,GBP,43312,true,2025-08-22,,
1998,BMW,Z3M Roadster,1998 BMW Z3M Roadster,32500,GBP,32500,false,2025-08-22,30000,35000
2006,BMW,Alpina B5,2006 BMW Alpina B5,27000,GBP,27000,true,2025-08-22,,
1995,BMW,M3 GT,1995 BMW M3 GT,73000,GBP,73000,false,2025-08-22,68000,78000
2008,BMW,Alpina D3,2008 BMW Alpina D3,16875,GBP,16875,true,2025-08-22,,
1959,BMW,507,1959 BMW 507,2000000,USD,1580000,false,2025-08-14,1800000,2200000
1995,BMW,M3,1995 BMW M3,36300,USD,28677,true,2025-08-14,,
1988,BMW,M5,1988 BMW M5,46200,USD,36498,true,2025-08-14,,
1972,BMW,3.0 CSL,1972 BMW 3.0 CSL,296500,USD,234235,true,2025-08-15,,
2001,BMW,Z8,2001 BMW Z8,224000,USD,176960,true,2025-08-15,,
2019,BMW,M8 GTE,2019 BMW M8 GTE,1435000,USD,1133650,true,2025-08-15,,
1980,BMW,M1,1980 BMW M1,626500,USD,494935,true,2025-08-15,,
1995,BMW,M3 Lightweight,1995 BMW M3 Lightweight,179200,USD,141568,true,2025-08-15,,
1956,BMW,501 - 8,1956 BMW 501 - 8,31360,USD,24774,true,2025-08-15,,
1973,BMW,3.0 CSi,1973 BMW 3.0 CSi,134400,USD,106176,true,2025-08-15,,
1958,BMW,Isetta 300,1958 BMW Isetta 300,21280,USD,16811,true,2025-08-15,,
1939,BMW,328,1939 BMW 328,406500,USD,321135,true,2025-08-13,,
1959,BMW,503,1959 BMW 503,145600,USD,115024,true,2025-08-13,,
1957,BMW,507,1957 BMW 507,2000000,USD,1580000,false,2025-08-13,1800000,2200000
1971,BMW,2002,1971 BMW 2002,28000,USD,22120,true,2025-08-13,,
1980,BMW,M1 Procar,1980 BMW M1 Procar,1600000,USD,1264000,true,2025-08-13,,
1999,BMW,323i SE,1999 BMW 323i SE,1080,GBP,1080,true,2025-08-09,,
2005,BMW,760Li,2005 BMW 760Li,8165,GBP,8165,true,2025-08-09,,
1997,BMW,318 ti,1997 BMW 318 ti,1149,GBP,1149,true,,,
1957,BMW,Isetta 300,1957 BMW Isetta 300,17500,GBP,17500,false,,17000,18000
1959,BMW,Isetta 300 Super Plus,1959 BMW Isetta 300 Super Plus,7280,GBP,7280,true,,,
1999,BMW,Z3,1999 BMW Z3,3080,GBP,3080,true,,,
1997,BMW,Z3 1.9,1997 BMW Z3 1.9,1150,GBP,1150,true,,,
2007,BMW,Z4 3.0 Si Sport Coupe,2007 BMW Z4 3.0 Si Sport Coupe,7000,GBP,7000,false,,6500,7500
1969,BMW,2002 Koepchen,1969 BMW 2002 Koepchen,129000,EUR,110940,false,2025-08-02,129000,129000
1976,BMW,3.3 Li,1976 BMW 3.3 Li,32500,EUR,27950,false,2025-08-02,32500,32500
1991,BMW,325i Cabriolet,1991 BMW 325i Cabriolet,21000,EUR,18060,false,2025-08-02,21000,21000
1983,BMW,528i Gruppe A Rennwagen,1983 BMW 528i Gruppe A Rennwagen,65000,EUR,55900,false,2025-08-02,65000,65000
2006,BMW,Alpina B6,2006 BMW Alpina B6,65000,EUR,55900,false,2025-08-02,65000,65000
1994,BMW,M3,1994 BMW M3,38000,EUR,32680,false,2025-08-02,38000,38000
1995,BMW,M3,1995 BMW M3,36500,EUR,31390,false,2025-08-02,36500,36500
1972,BMW,3.0 Si,1972 BMW 3.0 Si,32500,EUR,27950,false,2025-08-02,32500,32500
1998,BMW,Z3M Coupe,1998 BMW Z3M Coupe,41000,EUR,35260,false,2025-08-02,41000,41000
1977,BMW,528,1977 BMW 528,17000,EUR,14620,false,2025-08-02,17000,17000
2017,BMW,i8,2017 BMW i8,106000,EUR,91160,false,2025-08-02,106000,106000
2006,BMW,Alpina B5,2006 BMW Alpina B5,50000,EUR,43000,false,2025-08-02,50000,50000
2014,BMW,Z4 3.0i,2014 BMW Z4 3.0i,17000,EUR,14620,true,2025-08-02,,
1989,BMW,320i Convertible,1989 BMW 320i Convertible,25000,GBP,25000,false,2025-08-02,24000,26000
1989,BMW,Z1,1989 BMW Z1,34000,GBP,34000,false,2025-08-02,32000,36000
2003,BMW,325 Ci M Sport,2003 BMW 325 Ci M Sport,7000,GBP,7000,true,2025-08-02,,
1980,BMW,316,1980 BMW 316,8493,GBP,8493,true,2025-08-01,,
1986,BMW,316 Cabrio,1986 BMW 316 Cabrio,2258,GBP,2258,true,2025-08-01,,
1991,BMW,318i Convertible,1991 BMW 318i Convertible,5913,GBP,5913,true,2025-08-01,,
1978,BMW,323i,1978 BMW 323i,5805,GBP,5805,true,2025-08-01,,
1986,BMW,525i,1986 BMW 525i,4838,GBP,4838,true,2025-08-01,,
1999,BMW,Z3,1999 BMW Z3,5483,GBP,5483,true,2025-08-01,,
2000,BMW,Z3,2000 BMW Z3,5268,GBP,5268,true,2025-08-01,,
1972,BMW,2000 touring,1972 BMW 2000 touring,14405,GBP,14405,true,2025-08-01,,
1992,BMW,850i,1992 BMW 850i,10535,GBP,10535,true,2025-08-01,,
1998,BMW,Z3M Roadster,1998 BMW Z3M Roadster,9675,GBP,9675,true,2025-08-01,,
2005,BMW,630i,2005 BMW 630i,2200,GBP,2200,true,2025-08-01,,
2000,BMW,330 Ci SE,2000 BMW 330 Ci SE,7418,GBP,7418,true,2025-08-01,,
1991,BMW,318is,1991 BMW 318is,9800,GBP,9800,true,2025-07-31,,
1989,BMW,325i Touring,1989 BMW 325i Touring,5850,GBP,5850,true,2025-07-31,,
1997,BMW,728i,1997 BMW 728i,900,GBP,900,true,2025-07-31,,
2001,BMW,Alpina B10 4.6 V8 Touring,2001 BMW Alpina B10 4.6 V8 Touring,23500,GBP,23500,true,2025-07-31,,
1999,BMW,Z3 1.9,1999 BMW Z3 1.9,1250,GBP,1250,true,2025-07-31,,
2001,BMW,Z3,2001 BMW Z3,1600,GBP,1600,true,2025-07-31,,
1993,BMW,840 Ci,1993 BMW 840 Ci,19000,GBP,19000,false,2025-07-31,18000,20000
2004,BMW,Alpina B3 S Cabriolet,2004 BMW Alpina B3 S Cabriolet,18800,GBP,18800,true,2025-07-31,,
1970,BMW,2800 CS,1970 BMW 2800 CS,18000,GBP,18000,true,2025-07-30,,
1999,BMW,Z3M Coupe,1999 BMW Z3M Coupe,51188,GBP,51188,true,2025-07-30,,
2006,BMW,Z4 3.0i SE Coupe,2006 BMW Z4 3.0i SE Coupe,12000,GBP,12000,false,2025-07-30,11000,13000
1973,BMW,2002 Cabriolet Baur,1973 BMW 2002 Cabriolet Baur,19125,GBP,19125,true,2025-07-30,,
2012,BMW,Z4 sDrive20i Roadster,2012 BMW Z4 sDrive20i Roadster,3488,GBP,3488,true,2025-07-30,,
1991,BMW,320i,1991 BMW 320i,4275,GBP,4275,true,2025-07-27,,
2003,BMW,316 ti SE,2003 BMW 316 ti SE,1800,GBP,1800,true,2025-07-27,,
1984,BMW,Hartge H5SP,1984 BMW Hartge H5SP,45000,GBP,45000,false,2025-07-27,40000,50000
1998,BMW,316i,1998 BMW 316i,5500,GBP,5500,false,2025-07-19,5000,6000
1999,BMW,Z3 2.8,1999 BMW Z3 2.8,8682,GBP,8682,true,2025-07-19,,
2003,BMW,520i,2003 BMW 520i,2000,GBP,2000,false,2025-07-19,1500,2500
1999,BMW,Z3 2.8i,1999 BMW Z3 2.8i,6812,GBP,6812,true,2025-07-19,,
1998,BMW,Z3 2.8i,1998 BMW Z3 2.8i,4000,GBP,4000,false,2025-07-19,3000,5000
2004,BMW,Z4 3.0i,2004 BMW Z4 3.0i,4000,GBP,4000,false,2025-07-19,3000,5000
2005,BMW,730d,2005 BMW 730d,2500,GBP,2500,false,2025-07-19,2000,3000
1982,BMW,320,1982 BMW 320,10000,GBP,10000,false,2025-07-19,8000,12000
1977,BMW,3.0 CSi,1977 BMW 3.0 CSi,59000,GBP,59000,false,2025-07-19,54000,64000
1990,BMW,320i Cabriolet,1990 BMW 320i Cabriolet,9438,GBP,9438,true,2025-07-19,,
2004,BMW,M3 Convertible,2004 BMW M3 Convertible,68640,GBP,68640,true,2025-07-19,,
1974,BMW,2002 tii,1974 BMW 2002 tii,10010,GBP,10010,true,2025-07-19,,
1994,BMW,850 Ci,1994 BMW 850 Ci,40000,GBP,40000,true,2025-07-19,,
2004,BMW,X5 3.0i,2004 BMW X5 3.0i,18876,GBP,18876,true,2025-07-19,,
2000,BMW,318i Convertible,2000 BMW 318i Convertible,3450,GBP,3450,true,2025-07-19,,
1995,BMW,M3 Convertible,1995 BMW M3 Convertible,7000,GBP,7000,true,2025-07-19,,
2003,BMW,Alpina B3 S Convertible,2003 BMW Alpina B3 S Convertible,9488,GBP,9488,true,2025-07-19,,
1999,BMW,Z3 2.8i,1999 BMW Z3 2.8i,5600,GBP,5600,true,,,
1987,BMW,M5,1987 BMW M5,33638,GBP,33638,true,2025-07-12,,
2000,BMW,Z3,2000 BMW Z3,5000,GBP,5000,false,2025-07-12,4500,5500
1995,BMW,M3,1995 BMW M3,86250,GBP,86250,true,2025-07-11,,
1999,BMW,Z3 2.8,1999 BMW Z3 2.8,6160,GBP,6160,true,2025-07-04,,
1999,BMW,523i SE,1999 BMW 523i SE,896,GBP,896,true,2025-07-04,,
2002,BMW,330 Ci M Sport,2002 BMW 330 Ci M Sport,2912,GBP,2912,true,2025-07-04,,
2001,BMW,Z8,2001 BMW Z8,163300,CHF,145337,true,2025-06-29,,
1991,BMW,325i Cabriolet,1991 BMW 325i Cabriolet,16150,EUR,13889,true,2025-06-29,,
1961,BMW,Isetta,1961 BMW Isetta,35000,EUR,30100,false,2025-06-29,30000,40000
1989,BMW,Z1,1989 BMW Z1,40996,EUR,35257,true,2025-06-29,,
2001,BMW,Z8,2001 BMW Z8,322260,EUR,277144,true,2025-06-29,,
1987,BMW,318 Baur,1987 BMW 318 Baur,16023,EUR,13780,true,2025-06-29,,
2001,BMW,Z8,2001 BMW Z8,230000,EUR,197800,false,2025-06-28,210000,250000
1991,BMW,850i,1991 BMW 850i,25000,EUR,21500,true,2025-06-28,,
2022,BMW,"850i ""The 8X Jeff Koons Gran Coupé""","2022 BMW 850i ""The 8X Jeff Koons Gran Coupé""",330000,EUR,283800,false,2025-06-28,300000,360000
1990,BMW,318is,1990 BMW 318is,10858,GBP,10858,true,2025-06-25,,
1988,BMW,320i,1988 BMW 320i,10965,GBP,10965,true,2025-06-25,,
1991,BMW,320i SE,1991 BMW 320i SE,5698,GBP,5698,true,2025-06-25,,
2003,BMW,M3,2003 BMW M3,11610,GBP,11610,true,2025-06-25,,
1985,BMW,M635 CSi,1985 BMW M635 CSi,27538,GBP,27538,true,2025-06-25,,
2000,BMW,Z3,2000 BMW Z3,4193,GBP,4193,true,2025-06-25,,
1972,BMW,2002 tii,1972 BMW 2002 tii,13438,GBP,13438,true,2025-06-25,,
2004,BMW,Z4 3.0i SE,2004 BMW Z4 3.0i SE,3333,GBP,3333,true,2025-06-25,,
2002,BMW,320 Ci,2002 BMW 320 Ci,1320,GBP,1320,true,2025-06-25,,
2000,BMW,330 Ci SE,2000 BMW 330 Ci SE,7500,GBP,7500,false,2025-06-25,7000,8000
2003,BMW,318 Ci,2003 BMW 318 Ci,1870,GBP,1870,true,2025-06-25,,
1999,BMW,Z3 2.8,1999 BMW Z3 2.8,3400,GBP,3400,true,2025-06-26,,
1957,BMW,Isetta 300,1957 BMW Isetta 300,21000,GBP,21000,false,,20000,22000
2000,BMW,Z3M Roadster,2000 BMW Z3M Roadster,15792,GBP,15792,true,,,
2000,BMW,Alpina B10 V8,2000 BMW Alpina B10 V8,24000,GBP,24000,false,2025-06-25,22000,26000
1996,BMW,M3 Evolution Convertible,1996 BMW M3 Evolution Convertible,16000,GBP,16000,false,2025-06-25,14000,18000
1988,BMW,M635 CSi,1988 BMW M635 CSi,41062,GBP,41062,true,2025-06-25,,
2009,BMW,1M 4.0 V8 Evocation,2009 BMW 1M 4.0 V8 Evocation,32500,GBP,32500,false,2025-06-25,30000,35000
1970,BMW,2800 CS,1970 BMW 2800 CS,5280,EUR,4541,true,2025-06-23,,
1996,BMW,Z3 1.8,1996 BMW Z3 1.8,11040,EUR,9494,true,2025-06-23,,
2001,BMW,325 Ci Cabriolet,2001 BMW 325 Ci Cabriolet,10920,EUR,9391,true,2025-06-23,,
1974,BMW,3.0 CSi,1974 BMW 3.0 CSi,40000,GBP,40000,true,2025-06-21,,
2000,BMW,Alpina B10 V8,2000 BMW Alpina B10 V8,12250,GBP,12250,true,2025-06-21,,
2005,BMW,330 Ci,2005 BMW 330 Ci,3300,GBP,3300,true,,,
1974,BMW,1602,1974 BMW 1602,910,GBP,910,true,2025-06-14,,
1989,BMW,318i,1989 BMW 318i,3240,GBP,3240,true,2025-06-14,,
2000,BMW,Z3 2.0 M-Spec,2000 BMW Z3 2.0 M-Spec,1860,GBP,1860,true,2025-06-14,,
1999,BMW,Z3,1999 BMW Z3,1660,GBP,1660,true,2025-06-14,,
1996,BMW,328i Sport Coupe,1996 BMW 328i Sport Coupe,6588,GBP,6588,true,2025-06-14,,
1996,BMW,840 Ci,1996 BMW 840 Ci,11016,GBP,11016,true,2025-06-14,,
2003,BMW,330 Ci Sport Convertible,2003 BMW 330 Ci Sport Convertible,3996,GBP,3996,true,2025-06-14,,
2005,BMW,760Li,2005 BMW 760Li,7020,GBP,7020,true,2025-06-14,,
2000,BMW,Z3,2000 BMW Z3,5500,GBP,5500,false,2025-06-14,5000,6000
1989,BMW,318i,1989 BMW 318i,7000,GBP,7000,true,2025-06-07,,
2005,BMW,M5,2005 BMW M5,11445,GBP,11445,true,2025-06-07,,
1999,BMW,Z3,1999 BMW Z3,1962,GBP,1962,true,2025-06-07,,
1998,BMW,523i,1998 BMW 523i,510,GBP,510,true,2025-06-07,,
2005,BMW,730d,2005 BMW 730d,3000,GBP,3000,false,2025-06-07,2500,3500
2004,BMW,318 Ci,2004 BMW 318 Ci,1526,GBP,1526,true,2025-06-07,,
1991,BMW,318i,1991 BMW 318i,230,GBP,230,true,2025-06-07,,
1991,BMW,318i,1991 BMW 318i,5711,GBP,5711,true,,,
1997,BMW,Z3 2.8,1997 BMW Z3 2.8,7600,GBP,7600,true,,,
1991,BMW,325i,1991 BMW 325i,9000,GBP,9000,false,2025-06-01,8000,10000
2013,BMW,M5,2013 BMW M5,11025,GBP,11025,true,2025-06-01,,
1986,BMW,525e,1986 BMW 525e,7987,GBP,7987,true,2025-06-01,,
2018,BMW,Alpina B5 Touring,2018 BMW Alpina B5 Touring,51750,GBP,51750,true,2025-06-01,,
1939,BMW,328 Wendler Cabriolet,1939 BMW 328 Wendler Cabriolet,230000,EUR,197800,true,2025-05-24,,
1958,BMW,507,1958 BMW 507,2150000,EUR,1849000,false,2025-05-24,2000000,2300000
1982,BMW,635 CSi “The Observer Coupe”,1982 BMW 635 CSi “The Observer Coupe”,16100,EUR,13846,true,2025-05-24,,
1980,BMW,M1,1980 BMW M1,602500,EUR,518150,true,2025-05-24,,
1981,BMW,M1,1981 BMW M1,525000,EUR,451500,false,2025-05-24,475000,575000
1987,BMW,M3 Group A,1987 BMW M3 Group A,109250,EUR,93955,true,2025-05-24,,
1989,BMW,M3 Cecotto,1989 BMW M3 Cecotto,92000,EUR,79120,true,2025-05-24,,
1989,BMW,M3,1989 BMW M3,69000,EUR,59340,true,2025-05-24,,
2000,BMW,Z8,2000 BMW Z8,235750,EUR,202745,true,2025-05-24,,
1991,BMW,Alpina Z1 RLE,1991 BMW Alpina Z1 RLE,115000,EUR,98900,true,2025-05-24,,
1999,BMW,Z3M Coupe,1999 BMW Z3M Coupe,86250,EUR,74175,true,2025-05-24,,
2003,BMW,M3 CSL,2003 BMW M3 CSL,126500,EUR,108790,true,2025-05-24,,
2011,BMW,M3 GTS,2011 BMW M3 GTS,224250,EUR,192855,true,2025-05-24,,
2020,BMW,M2 CS,2020 BMW M2 CS,66125,EUR,56868,true,2025-05-24,,
1990,BMW,318i SE Lux,1990 BMW 318i SE Lux,7188,GBP,7188,true,2025-05-24,,
2003,BMW,Alpina B3 S Convertible,2003 BMW Alpina B3 S Convertible,10000,GBP,10000,false,2025-05-24,9000,11000
1975,BMW,1602,1975 BMW 1602,7740,GBP,7740,true,2025-05-21,,
2000,BMW,318i,2000 BMW 318i,2903,GBP,2903,true,2025-05-21,,
1991,BMW,320i SE,1991 BMW 320i SE,5913,GBP,5913,true,2025-05-21,,
1986,BMW,325i,1986 BMW 325i,4500,GBP,4500,false,2025-05-21,4000,5000
1997,BMW,735i,1997 BMW 735i,5106,GBP,5106,true,2025-05-21,,
2008,BMW,M3,2008 BMW M3,18060,GBP,18060,true,2025-05-21,,
2002,BMW,Z3,2002 BMW Z3,5053,GBP,5053,true,2025-05-21,,
2002,BMW,Z3 Sport,2002 BMW Z3 Sport,8819,GBP,8819,true,2025-05-21,,
1998,BMW,Z3,1998 BMW Z3,3150,GBP,3150,false,2025-05-21,2650,3650
1999,BMW,Z3,1999 BMW Z3,2688,GBP,2688,true,2025-05-21,,
1997,BMW,328i,1997 BMW 328i,3010,GBP,3010,true,2025-05-21,,
2003,BMW,320 Ci,2003 BMW 320 Ci,2258,GBP,2258,true,2025-05-21,,
2005,BMW,330 Ci,2005 BMW 330 Ci,13330,GBP,13330,true,2025-05-21,,
1980,BMW,M1,1980 BMW M1,475000,EUR,408500,false,2025-05-22,425000,525000
2004,BMW,745i Individual,2004 BMW 745i Individual,7000,GBP,7000,false,2025-05-21,6000,8000
2002,BMW,Z3 3.0i,2002 BMW Z3 3.0i,11000,GBP,11000,false,2025-05-21,10000,12000
1973,BMW,2002 Cabriolet Baur,1973 BMW 2002 Cabriolet Baur,20000,GBP,20000,false,2025-05-21,18000,22000
1989,BMW,320i Baur Cabriolet,1989 BMW 320i Baur Cabriolet,14062,GBP,14062,true,2025-05-21,,
2004,BMW,Alpina Roadster S,2004 BMW Alpina Roadster S,14625,GBP,14625,true,2025-05-21,,
1974,BMW,2002 turbo,1974 BMW 2002 turbo,181500,USD,143385,true,2025-05-09,,
1989,BMW,325i Sport,1989 BMW 325i Sport,2200,GBP,2200,true,2025-05-17,,
1991,BMW,Alpina B10 3.5,1991 BMW Alpina B10 3.5,27562,GBP,27562,true,2025-05-17,,
1989,BMW,M3 Cabriolet,1989 BMW M3 Cabriolet,93500,GBP,93500,false,2025-05-17,87000,100000
1988,BMW,M3,1988 BMW M3,84375,GBP,84375,true,2025-05-17,,
1991,BMW,M5,1991 BMW M5,43875,GBP,43875,true,2025-05-17,,
1986,BMW,M635 CSi,1986 BMW M635 CSi,40500,GBP,40500,true,2025-05-17,,
1994,BMW,850 CSi,1994 BMW 850 CSi,73000,GBP,73000,false,2025-05-17,68000,78000
,BMW,c. 1960 BMW Isetta 300,c. 1960 BMW Isetta 300,9200,GBP,9200,true,2025-05-15,,
1990,BMW,318is,1990 BMW 318is,9746,GBP,9746,true,,,
1987,BMW,635 CSi,1987 BMW 635 CSi,8400,GBP,8400,true,,,
2002,BMW,520i,2002 BMW 520i,1650,GBP,1650,true,,,
1998,BMW,528i SE Touring,1998 BMW 528i SE Touring,750,GBP,750,true,,,
1999,BMW,Z3,1999 BMW Z3,4568,GBP,4568,true,,,
1999,BMW,Z3,1999 BMW Z3,1125,GBP,1125,true,,,
1997,BMW,328i Sport,1997 BMW 328i Sport,8910,GBP,8910,true,,,
1995,BMW,840 Ci,1995 BMW 840 Ci,6600,GBP,6600,true,,,
2004,BMW,Z4 3.0 SE,2004 BMW Z4 3.0 SE,4153,GBP,4153,true,,,
2001,BMW,325 Ci SE,2001 BMW 325 Ci SE,1760,GBP,1760,true,,,
1975,BMW,2002 turbo,1975 BMW 2002 turbo,18500000,JPY,98050,false,2025-05-09,17500000,19500000
1987,BMW,320i,1987 BMW 320i,13400,GBP,13400,true,,,
1996,BMW,318i,1996 BMW 318i,4500,GBP,4500,true,2025-05-04,,
1988,BMW,325i Convertible,1988 BMW 325i Convertible,10500,GBP,10500,false,2025-05-03,9000,12000
1987,BMW,518i,1987 BMW 518i,9724,GBP,9724,true,2025-05-03,,
2000,BMW,528i Individual,2000 BMW 528i Individual,10000,GBP,10000,false,2025-05-03,8000,12000
1989,BMW,635 CSi Highline,1989 BMW 635 CSi Highline,17000,GBP,17000,true,2025-05-03,,
1990,BMW,Z1,1990 BMW Z1,23000,GBP,23000,true,2025-05-03,,
2008,BMW,Alpina B3 Bi Turbo,2008 BMW Alpina B3 Bi Turbo,12000,GBP,12000,true,2025-05-03,,
1994,BMW,850 Ci,1994 BMW 850 Ci,45000,GBP,45000,false,2025-05-03,40000,50000
1998,BMW,M3 Evolution Convertible,1998 BMW M3 Evolution Convertible,16080,GBP,16080,true,,,
1993,BMW,850 CSi,1993 BMW 850 CSi,69300,EUR,59598,true,,,
1986,BMW,320i Baur TC2,1986 BMW 320i Baur TC2,15780,EUR,13571,true,2025-04-27,,
2005,BMW,M5,2005 BMW M5,10500,GBP,10500,false,2025-04-26,10000,11000
2001,BMW,Z3,2001 BMW Z3,1635,GBP,1635,true,2025-04-26,,
1999,BMW,Z3,1999 BMW Z3,1308,GBP,1308,true,2025-04-26,,
1970,BMW,2002,1970 BMW 2002,15400,USD,12166,true,2025-04-24,,
1992,BMW,318i Cabriolet,1992 BMW 318i Cabriolet,1635,GBP,1635,true,2025-04-26,,
1973,BMW,2002 tii,1973 BMW 2002 tii,13298,GBP,13298,true,2025-04-26,,
1989,BMW,330i,1989 BMW 330i,12000,GBP,12000,false,2025-04-26,10000,14000
1973,BMW,2002 tii,1973 BMW 2002 tii,62700,USD,49533,true,2025-04-25,,
1988,BMW,318i,1988 BMW 318i,9400,GBP,9400,true,2025-04-26,,
2000,BMW,330d SE,2000 BMW 330d SE,3400,GBP,3400,true,2025-04-26,,
1974,BMW,2002,1974 BMW 2002,23000,GBP,23000,true,2025-04-16,,
2004,BMW,316i SE,2004 BMW 316i SE,1935,GBP,1935,true,2025-04-16,,
1999,BMW,528i,1999 BMW 528i,16500,GBP,16500,false,2025-04-16,15000,18000
1989,BMW,730i SE,1989 BMW 730i SE,4730,GBP,4730,true,2025-04-16,,
1995,BMW,M3,1995 BMW M3,14943,GBP,14943,true,2025-04-16,,
1998,BMW,Z3,1998 BMW Z3,2001,GBP,2001,true,2025-04-16,,
2001,BMW,Z3,2001 BMW Z3,1828,GBP,1828,true,2025-04-16,,
1999,BMW,Z3,1999 BMW Z3,3548,GBP,3548,true,2025-04-16,,
2001,BMW,330 Ci Sport,2001 BMW 330 Ci Sport,1430,GBP,1430,true,2025-04-16,,
2001,BMW,330 Ci,2001 BMW 330 Ci,2500,GBP,2500,false,2025-04-16,2000,3000
1999,BMW,328 Ci,1999 BMW 328 Ci,3000,GBP,3000,false,2025-04-16,2500,3500
1996,BMW,840 Ci,1996 BMW 840 Ci,9843,GBP,9843,true,2025-04-12,,
1992,BMW,316i Touring,1992 BMW 316i Touring,7031,GBP,7031,true,2025-04-09,,
1984,BMW,323i,1984 BMW 323i,8438,GBP,8438,true,2025-04-09,,
1981,BMW,635 CSi,1981 BMW 635 CSi,16500,GBP,16500,false,2025-04-09,15000,18000
1997,BMW,Alpina B10 V8,1997 BMW Alpina B10 V8,16000,GBP,16000,false,2025-04-09,15000,17000
1988,BMW,M635 CSi,1988 BMW M635 CSi,40000,GBP,40000,false,2025-04-09,35000,45000
1999,BMW,M3 Evolution Convertible,1999 BMW M3 Evolution Convertible,18675,GBP,18675,true,2025-04-09,,
1996,BMW,Alpina B3 3.2 Supercharged,1996 BMW Alpina B3 3.2 Supercharged,15188,GBP,15188,true,2025-04-09,,
1982,BMW,320 Baur Convertible,1982 BMW 320 Baur Convertible,5616,GBP,5616,true,2025-04-05,,
1990,BMW,320i Convertible,1990 BMW 320i Convertible,8856,GBP,8856,true,2025-04-05,,
1990,BMW,325i Cabriolet,1990 BMW 325i Cabriolet,7344,GBP,7344,true,2025-04-05,,
1998,BMW,735i,1998 BMW 735i,2592,GBP,2592,true,2025-04-05,,
2002,BMW,745i,2002 BMW 745i,2484,GBP,2484,true,2025-04-05,,
2006,BMW,Alpina Roadster S,2006 BMW Alpina Roadster S,8532,GBP,8532,true,2025-04-05,,
2004,BMW,M3 Convertible,2004 BMW M3 Convertible,11880,GBP,11880,true,2025-04-05,,
2000,BMW,Z3,2000 BMW Z3,2970,GBP,2970,true,2025-04-05,,
2005,BMW,630i Convertible,2005 BMW 630i Convertible,2592,GBP,2592,true,2025-04-05,,
2004,BMW,645 Ci,2004 BMW 645 Ci,3780,GBP,3780,true,2025-04-05,,
1972,BMW,2002,1972 BMW 2002,47150,NZD,22632,true,2025-04-06,,
2004,BMW,Alpina Roadster S,2004 BMW Alpina Roadster S,24520,NZD,11770,true,2025-04-06,,
1989,BMW,M325i,1989 BMW M325i,32390,NZD,15547,true,2025-04-06,,
1976,BMW,1602,1976 BMW 1602,8050,GBP,8050,true,2025-04-05,,
2002,BMW,316i,2002 BMW 316i,5175,GBP,5175,true,2025-04-05,,
1990,BMW,318i SE,1990 BMW 318i SE,8500,GBP,8500,false,2025-04-05,8000,9000
1989,BMW,320i Convertible,1989 BMW 320i Convertible,14950,GBP,14950,true,2025-04-05,,
1991,BMW,535i Sport,1991 BMW 535i Sport,6325,GBP,6325,true,2025-04-05,,
2003,BMW,Alpina B3 S Convertible,2003 BMW Alpina B3 S Convertible,10350,GBP,10350,true,2025-04-05,,
2003,BMW,325 ti,2003 BMW 325 ti,4600,GBP,4600,true,2025-04-05,,
2004,BMW,318 Ci,2004 BMW 318 Ci,8452,GBP,8452,true,2025-04-05,,
1996,BMW,728i,1996 BMW 728i,3360,GBP,3360,true,,,
2000,BMW,Z3 Coupe,2000 BMW Z3 Coupe,13440,GBP,13440,true,,,
2003,BMW,735i,2003 BMW 735i,3500,AUD,1820,true,,,
1960,BMW,Isetta 300,1960 BMW Isetta 300,45500,AUD,23660,true,,,
1986,BMW,M635 CSi,1986 BMW M635 CSi,120000,AUD,62400,false,,115000,125000
1990,BMW,320i SE,1990 BMW 320i SE,10000,GBP,10000,false,2025-03-29,9000,11000
1995,BMW,318is,1995 BMW 318is,1700,GBP,1700,true,2025-03-27,,
2003,BMW,Z4,2003 BMW Z4,3000,GBP,3000,false,2025-03-27,2500,3500
1998,BMW,535i SE,1998 BMW 535i SE,3136,GBP,3136,true,2025-03-25,,
2002,BMW,750i L,2002 BMW 750i L,1344,GBP,1344,true,2025-03-25,,
1992,BMW,850i,1992 BMW 850i,24000,EUR,20640,true,2025-03-24,,
1957,BMW,502 3.2,1957 BMW 502 3.2,12375,GBP,12375,true,2025-03-22,,
1972,BMW,2000,1972 BMW 2000,13833,GBP,13833,true,2025-03-22,,
1990,BMW,316i Track Day Car,1990 BMW 316i Track Day Car,10687,GBP,10687,true,2025-03-22,,
1987,BMW,635 CSi,1987 BMW 635 CSi,23625,GBP,23625,true,2025-03-22,,
1996,BMW,M3 Evolution Convertible,1996 BMW M3 Evolution Convertible,14062,GBP,14062,true,2025-03-22,,
1998,BMW,M3 Evolution,1998 BMW M3 Evolution,22500,GBP,22500,false,2025-03-22,20000,25000
1985,BMW,M635 CSi,1985 BMW M635 CSi,57375,GBP,57375,true,2025-03-22,,
1995,BMW,540i V8,1995 BMW 540i V8,3375,GBP,3375,true,2025-03-22,,
2003,BMW,Z4 2.5i,2003 BMW Z4 2.5i,7593,GBP,7593,true,2025-03-22,,
1958,BMW,502,1958 BMW 502,28000,CHF,24920,true,2025-03-22,,
1990,BMW,750i,1990 BMW 750i,7560,CHF,6728,true,2025-03-22,,
1991,BMW,850i,1991 BMW 850i,35000,EUR,30100,false,2025-03-16,30000,40000
1998,BMW,316i,1998 BMW 316i,330,GBP,330,true,2025-03-12,,
1992,BMW,316i,1992 BMW 316i,2688,GBP,2688,true,2025-03-12,,
1988,BMW,318i,1988 BMW 318i,3978,GBP,3978,true,2025-03-12,,
1985,BMW,320i,1985 BMW 320i,5160,GBP,5160,true,2025-03-12,,
1997,BMW,323i,1997 BMW 323i,1828,GBP,1828,true,2025-03-12,,
1986,BMW,635 CSi,1986 BMW 635 CSi,11180,GBP,11180,true,2025-03-12,,
1960,BMW,Isetta,1960 BMW Isetta,10965,GBP,10965,true,2025-03-12,,
2002,BMW,525i Sport,2002 BMW 525i Sport,1100,GBP,1100,true,2025-03-12,,
1998,BMW,Z3,1998 BMW Z3,3601,GBP,3601,true,2025-03-12,,
2004,BMW,645 Ci,2004 BMW 645 Ci,4730,GBP,4730,true,2025-03-12,,
2003,BMW,330 Ci SE,2003 BMW 330 Ci SE,2200,GBP,2200,true,2025-03-12,,
2001,BMW,318 Ci,2001 BMW 318 Ci,3333,GBP,3333,true,2025-03-12,,
1998,BMW,840 Ci Sport,1998 BMW 840 Ci Sport,18813,GBP,18813,true,2025-03-12,,
1973,BMW,2002 Cabriolet,1973 BMW 2002 Cabriolet,6450,GBP,6450,true,2025-03-12,,
1996,BMW,M3 Evolution,1996 BMW M3 Evolution,10100,GBP,10100,true,,,
1997,BMW,316i,1997 BMW 316i,2250,GBP,2250,true,2025-03-09,,
1988,BMW,316i,1988 BMW 316i,1800,GBP,1800,true,2025-03-09,,
1982,BMW,323i,1982 BMW 323i,2025,GBP,2025,true,2025-03-09,,
2002,BMW,530i,2002 BMW 530i,5000,GBP,5000,false,2025-03-09,4000,6000
2004,BMW,M3,2004 BMW M3,12375,GBP,12375,true,2025-03-09,,
2013,BMW,M6 Gran Coupe,2013 BMW M6 Gran Coupe,15750,GBP,15750,true,2025-03-09,,
2003,BMW,318i,2003 BMW 318i,1090,GBP,1090,true,2025-03-08,,
2002,BMW,Z3,2002 BMW Z3,2725,GBP,2725,true,2025-03-08,,
1989,BMW,635 CSi Highline,1989 BMW 635 CSi Highline,10687,GBP,10687,true,2025-03-08,,
1998,BMW,Z3,1998 BMW Z3,1308,GBP,1308,true,2025-03-08,,
1987,BMW,525e Lux,1987 BMW 525e Lux,7794,GBP,7794,true,2025-03-08,,
1939,BMW,328,1939 BMW 328,650000,USD,513500,false,2025-03-07,550000,750000
1958,BMW,507,1958 BMW 507,2122500,USD,1676775,true,2025-03-07,,
2001,BMW,Z8,2001 BMW Z8,246400,USD,194656,true,2025-03-07,,
2002,BMW,Z8,2002 BMW Z8,173600,USD,137144,true,2025-03-07,,
1995,BMW,850 CSi,1995 BMW 850 CSi,100800,USD,79632,true,2025-03-07,,
2001,BMW,Z3M Coupe,2001 BMW Z3M Coupe,70000,USD,55300,true,2025-03-07,,
2003,BMW,M5,2003 BMW M5,134400,USD,106176,true,2025-03-06,,
2002,BMW,Z8,2002 BMW Z8,237500,USD,187625,false,2025-03-06,225000,250000
2001,BMW,Z8,2001 BMW Z8,242500,USD,191575,true,2025-03-06,,
2013,BMW,M3 Lime Rock Park Edition,2013 BMW M3 Lime Rock Park Edition,86800,USD,68572,true,2025-03-06,,
1962,BMW,502,1962 BMW 502,41500,EUR,35690,false,2025-03-01,41500,41500
2001,BMW,M5,2001 BMW M5,27500,EUR,23650,true,2025-03-01,,
1989,BMW,M635 CSi,1989 BMW M635 CSi,27900,EUR,23994,true,2025-03-01,,
2002,BMW,Z3 1.9,2002 BMW Z3 1.9,12000,EUR,10320,false,2025-03-01,12000,12000
2001,BMW,Z3 3.0,2001 BMW Z3 3.0,14600,EUR,12556,true,2025-03-01,,
1989,BMW,750i L,1989 BMW 750i L,20200,EUR,17372,true,2025-03-01,,
1973,BMW,3.0 CSL,1973 BMW 3.0 CSL,111500,GBP,111500,false,2025-03-01,98000,125000
1993,BMW,318i Lux Convertible,1993 BMW 318i Lux Convertible,20020,GBP,20020,true,2025-03-01,,
1989,BMW,320i Convertible,1989 BMW 320i Convertible,16016,GBP,16016,true,2025-03-01,,
1989,BMW,635 CSi Motorsport Edition,1989 BMW 635 CSi Motorsport Edition,40500,GBP,40500,false,2025-03-01,37000,44000
2003,BMW,M3 Convertible,2003 BMW M3 Convertible,12584,GBP,12584,true,2025-03-01,,
2004,BMW,M3,2004 BMW M3,22308,GBP,22308,true,2025-03-01,,
2005,BMW,M3 Convertible,2005 BMW M3 Convertible,16000,GBP,16000,false,2025-03-01,14000,18000
1974,BMW,2002 tii,1974 BMW 2002 tii,14500,GBP,14500,false,2025-03-01,13000,16000
1987,BMW,525e Lux,1987 BMW 525e Lux,15000,GBP,15000,false,2025-03-01,13000,17000
2008,BMW,630i Cabriolet,2008 BMW 630i Cabriolet,4088,GBP,4088,true,2025-03-01,,
1987,BMW,M3 Enhanced & Evolved by Redux,1987 BMW M3 Enhanced & Evolved by Redux,307500,USD,242925,true,2025-02-27,,
1974,BMW,2002 turbo,1974 BMW 2002 turbo,140000,USD,110600,true,2025-02-27,,
1987,BMW,M3,1987 BMW M3,37125,GBP,37125,true,2025-02-22,,
1965,BMW,1800 Ti FIA,1965 BMW 1800 Ti FIA,35000,GBP,35000,false,2025-02-22,30000,40000
1984,BMW,E28 M5 - S38,1984 BMW E28 M5 - S38,22500,GBP,22500,true,2025-02-22,,
1996,BMW,728i,1996 BMW 728i,3080,GBP,3080,true,,,
2000,BMW,Z3,2000 BMW Z3,1600,GBP,1600,false,,1400,1800
2001,BMW,740i Sport,2001 BMW 740i Sport,5936,GBP,5936,true,,,
2005,BMW,645 Ci,2005 BMW 645 Ci,2464,GBP,2464,true,,,
2002,BMW,316i SE,2002 BMW 316i SE,6958,GBP,6958,true,2025-02-15,,
1997,BMW,323i Touring,1997 BMW 323i Touring,4400,GBP,4400,true,2025-02-15,,
2006,BMW,M3,2006 BMW M3,12125,GBP,12125,false,2025-02-15,11500,12750
2001,BMW,Z3,2001 BMW Z3,1800,GBP,1800,true,2025-02-15,,
2002,BMW,525d,2002 BMW 525d,800,GBP,800,true,2025-02-15,,
1957,BMW,Isetta 300,1957 BMW Isetta 300,30800,USD,24332,true,2025-02-15,,
1983,BMW,316,1983 BMW 316,12000,GBP,12000,true,2025-02-12,,
1988,BMW,520i Lux,1988 BMW 520i Lux,12000,GBP,12000,true,2025-02-12,,
1998,BMW,Z3M Roadster,1998 BMW Z3M Roadster,14400,GBP,14400,true,2025-02-12,,
1940,BMW,327 Convertible,1940 BMW 327 Convertible,110000,EUR,94600,false,2025-02-07,90000,130000
1975,BMW,3.0 CSi,1975 BMW 3.0 CSi,67944,EUR,58432,true,2025-02-07,,
1984,BMW,635 CSi Groupe A,1984 BMW 635 CSi Groupe A,145000,EUR,124700,false,2025-02-07,125000,165000
2001,BMW,Z8,2001 BMW Z8,354960,EUR,305266,true,2025-02-07,,
1995,BMW,850 CSi,1995 BMW 850 CSi,70000,EUR,60200,false,2025-02-07,60000,80000
1979,BMW,530 Production - Team JMS Racing,1979 BMW 530 Production - Team JMS Racing,110000,EUR,94600,false,2025-02-07,90000,130000
1989,BMW,635 CSi Highline,1989 BMW 635 CSi Highline,13000,GBP,13000,false,2025-02-08,12000,14000
1999,BMW,Z3,1999 BMW Z3,3000,GBP,3000,true,2025-02-08,,
2003,BMW,320i SE Cabriolet,2003 BMW 320i SE Cabriolet,3000,GBP,3000,true,2025-02-08,,
1972,BMW,3.0 CSA,1972 BMW 3.0 CSA,27500,GBP,27500,false,2025-02-05,25000,30000
2002,BMW,525i Sport,2002 BMW 525i Sport,2500,GBP,2500,false,2025-02-05,2000,3000
1987,BMW,735i SE,1987 BMW 735i SE,3010,GBP,3010,true,2025-02-05,,
1999,BMW,Z3,1999 BMW Z3,8170,GBP,8170,true,2025-02-05,,
1972,BMW,2000 touring,1972 BMW 2000 touring,16910,GBP,16910,true,2025-02-05,,
2010,BMW,630i SE,2010 BMW 630i SE,4568,GBP,4568,true,2025-02-05,,
1938,BMW,320 Cabriolet,1938 BMW 320 Cabriolet,48300,EUR,41538,true,2025-02-06,,
1938,BMW,327 Sport Cabriolet,1938 BMW 327 Sport Cabriolet,201250,EUR,173075,true,2025-02-06,,
2004,BMW,Alpina Roadster V8,2004 BMW Alpina Roadster V8,299000,EUR,257140,true,2025-02-06,,
1978,BMW,320 Turbo Group 5 E21,1978 BMW 320 Turbo Group 5 E21,850000,EUR,731000,false,2025-02-06,750000,950000
1958,BMW,507 Series II,1958 BMW 507 Series II,1750000,EUR,1505000,true,2025-02-04,,
1971,BMW,3.0 CSL Batmobile,1971 BMW 3.0 CSL Batmobile,575000,EUR,494500,false,2025-02-04,500000,650000
1971,BMW,2000 tii touring,1971 BMW 2000 tii touring,40250,EUR,34615,true,2025-02-04,,
1996,BMW,530i V8 Touring,1996 BMW 530i V8 Touring,8450,GBP,8450,true,2025-01-30,,
2000,BMW,Z3 2.0,2000 BMW Z3 2.0,950,GBP,950,true,2025-01-30,,
1982,BMW,320,1982 BMW 320,3500,GBP,3500,false,2025-01-25,3000,4000
1992,BMW,316i Touring,1992 BMW 316i Touring,6156,GBP,6156,true,2025-01-25,,
1999,BMW,318i Convertible,1999 BMW 318i Convertible,4104,GBP,4104,true,2025-01-25,,
1996,BMW,323i Coupe,1996 BMW 323i Coupe,4320,GBP,4320,true,2025-01-25,,
2000,BMW,525i SE,2000 BMW 525i SE,2160,GBP,2160,true,2025-01-25,,
2004,BMW,M3,2004 BMW M3,9828,GBP,9828,true,2025-01-25,,
2000,BMW,Z3 2.0,2000 BMW Z3 2.0,1860,GBP,1860,true,2025-01-25,,
2001,BMW,540i,2001 BMW 540i,3996,GBP,3996,true,2025-01-25,,
1976,BMW,2002,1976 BMW 2002,29700,USD,23463,true,2025-01-20,,
1978,BMW,320i,1978 BMW 320i,5500,USD,4345,true,2025-01-20,,
1988,BMW,M3,1988 BMW M3,72600,USD,57354,true,2025-01-20,,
1989,BMW,M3 Evolution II,1989 BMW M3 Evolution II,110000,USD,86900,true,2025-01-20,,
1987,BMW,M3,1987 BMW M3,71500,USD,56485,true,2025-01-20,,
2004,BMW,X3 3.0i,2004 BMW X3 3.0i,1853,GBP,1853,true,2025-01-25,,
1957,BMW,503,1957 BMW 503,210000,USD,165900,false,2025-01-25,190000,230000
1995,BMW,M3,1995 BMW M3,89600,USD,70784,true,2025-01-24,,
1970,BMW,2800 CS,1970 BMW 2800 CS,154000,USD,121660,true,2025-01-07,,
2003,BMW,Alpina Roadster V8,2003 BMW Alpina Roadster V8,209000,USD,165110,true,2025-01-07,,
1979,BMW,M1,1979 BMW M1,105000000,JPY,556500,false,2025-01-11,95000000,115000000
1990,BMW,M3 Sport Evolution,1990 BMW M3 Sport Evolution,11655000,JPY,61772,true,2025-01-11,,
2003,BMW,Alpina Roadster V8,2003 BMW Alpina Roadster V8,255000,CHF,226950,false,2024-12-29,245000,265000
2003,BMW,320i SE Cabriolet,2003 BMW 320i SE Cabriolet,3500,GBP,3500,false,2024-12-14,3000,4000
2003,BMW,Z3,2003 BMW Z3,1600,GBP,1600,false,2024-12-14,1200,2000
2007,BMW,Alpina B6 Convertible,2007 BMW Alpina B6 Convertible,59800,GBP,59800,true,2024-12-12,,
1993,BMW,530i V8,1993 BMW 530i V8,3136,GBP,3136,true,2024-12-10,,
1997,BMW,Z3 1.9,1997 BMW Z3 1.9,3565,GBP,3565,true,2024-12-07,,
1958,BMW,Isetta 300,1958 BMW Isetta 300,20900,USD,16511,true,2024-12-05,,
2002,BMW,Z3 1.9,2002 BMW Z3 1.9,690,GBP,690,true,2024-12-07,,
2007,BMW,Z4,2007 BMW Z4,1417,GBP,1417,true,2024-12-07,,
2001,BMW,330 Ci,2001 BMW 330 Ci,1417,GBP,1417,true,2024-12-07,,
1972,BMW,2002 Cabriolet Baur,1972 BMW 2002 Cabriolet Baur,9675,GBP,9675,true,2024-12-07,,
1972,BMW,2002 tii,1972 BMW 2002 tii,27500,GBP,27500,true,2024-12-07,,
1999,BMW,318i SE,1999 BMW 318i SE,590,GBP,590,true,2024-12-07,,
1999,BMW,318i Cabriolet,1999 BMW 318i Cabriolet,790,GBP,790,true,2024-12-07,,
1987,BMW,520,1987 BMW 520,640,GBP,640,true,2024-12-07,,
1987,BMW,525e Lux,1987 BMW 525e Lux,7750,GBP,7750,true,2024-12-07,,
1995,BMW,525 tds,1995 BMW 525 tds,1150,GBP,1150,true,,,
2004,BMW,325 Ci Sport Convertible,2004 BMW 325 Ci Sport Convertible,2912,GBP,2912,true,,,
1955,BMW,501 A,1955 BMW 501 A,45920,EUR,39491,true,,,
1954,BMW,501 B,1954 BMW 501 B,2800,EUR,2408,true,,,
2008,BMW,320i,2008 BMW 320i,5040,EUR,4334,true,,,
1961,BMW,Isetta 250,1961 BMW Isetta 250,13440,EUR,11558,true,,,
2003,BMW,Alpina Roadster V8,2003 BMW Alpina Roadster V8,410000,USD,323900,true,2024-12-01,,
1991,BMW,325i Convertible,1991 BMW 325i Convertible,18300,EUR,15738,true,2024-12-01,,
1963,BMW,700 CS Coupe,1963 BMW 700 CS Coupe,15856,GBP,15856,true,2024-11-27,,
1972,BMW,3.0 CSA,1972 BMW 3.0 CSA,27500,GBP,27500,false,2024-11-27,25000,30000
1999,BMW,318i Convertible,1999 BMW 318i Convertible,880,GBP,880,true,2024-11-27,,
1987,BMW,520i Lux,1987 BMW 520i Lux,7202,GBP,7202,true,2024-11-27,,
1999,BMW,528i SE,1999 BMW 528i SE,1870,GBP,1870,true,2024-11-27,,
1960,BMW,Isetta,1960 BMW Isetta,9030,GBP,9030,true,2024-11-27,,
2003,BMW,M3,2003 BMW M3,9000,GBP,9000,false,2024-11-27,8000,10000
2004,BMW,M3,2004 BMW M3,4945,GBP,4945,true,2024-11-27,,
1999,BMW,Z3,1999 BMW Z3,2526,GBP,2526,true,2024-11-27,,
2000,BMW,Z3,2000 BMW Z3,1320,GBP,1320,true,2024-11-27,,
1995,BMW,840 Ci,1995 BMW 840 Ci,7417,GBP,7417,true,2024-11-27,,
2001,BMW,728,2001 BMW 728,3332,GBP,3332,true,2024-11-27,,
1972,BMW,3.0 CS,1972 BMW 3.0 CS,49500,GBP,49500,true,2024-11-27,,
1986,BMW,518i Alpina B9 3.5 Evocation,1986 BMW 518i Alpina B9 3.5 Evocation,8000,GBP,8000,false,2024-11-27,7500,8500
1987,BMW,525i,1987 BMW 525i,9225,GBP,9225,true,2024-11-27,,
1986,BMW,735i,1986 BMW 735i,13500,GBP,13500,false,2024-11-27,12000,15000
2004,BMW,M3 Convertible,2004 BMW M3 Convertible,13500,GBP,13500,false,2024-11-27,12000,15000
1983,BMW,628 CSi,1983 BMW 628 CSi,10125,GBP,10125,true,2024-11-27,,
1988,BMW,735i,1988 BMW 735i,1912,GBP,1912,true,2024-11-24,,
1995,BMW,840 Ci,1995 BMW 840 Ci,7000,GBP,7000,false,2024-11-24,6000,8000
1986,BMW,635 CSi,1986 BMW 635 CSi,9562,GBP,9562,true,2024-11-24,,
1988,BMW,635 CSi,1988 BMW 635 CSi,7594,GBP,7594,true,2024-11-24,,
2006,BMW,Alpina Roadster S,2006 BMW Alpina Roadster S,6188,GBP,6188,true,2024-11-24,,
2003,BMW,M3 Convertible,2003 BMW M3 Convertible,12938,GBP,12938,true,2024-11-24,,
2000,BMW,Z3M Coupe,2000 BMW Z3M Coupe,16875,GBP,16875,true,2024-11-24,,
2006,BMW,Alpina B5,2006 BMW Alpina B5,6188,GBP,6188,true,2024-11-24,,
1992,BMW,325i Convertible,1992 BMW 325i Convertible,22880,GBP,22880,true,2024-11-23,,
1998,BMW,M3 Evolution,1998 BMW M3 Evolution,16588,GBP,16588,true,2024-11-23,,
1998,BMW,M3 Evolution Convertible,1998 BMW M3 Evolution Convertible,17000,GBP,17000,true,2024-11-23,,
1989,BMW,M635 CSi,1989 BMW M635 CSi,32604,GBP,32604,true,2024-11-23,,
1999,BMW,Z3,1999 BMW Z3,4290,GBP,4290,true,2024-11-23,,
2003,BMW,Z4 3.0,2003 BMW Z4 3.0,4862,GBP,4862,true,2024-11-23,,
1937,BMW,326 Roadster,1937 BMW 326 Roadster,184000,EUR,158240,true,2024-11-23,,
1937,BMW,328 Sport Cabriolet,1937 BMW 328 Sport Cabriolet,350000,EUR,301000,true,2024-11-23,,
1937,BMW,328 Roadster,1937 BMW 328 Roadster,477500,EUR,410650,true,2024-11-23,,
1939,BMW,328 'Special Competition' Roadster,1939 BMW 328 'Special Competition' Roadster,286250,EUR,246175,true,2024-11-23,,
1952,BMW,501 - 6,1952 BMW 501 - 6,48300,EUR,41538,true,2024-11-23,,
1953,BMW,501 - 6,1953 BMW 501 - 6,40250,EUR,34615,true,2024-11-23,,
1955,BMW,502 Coupe,1955 BMW 502 Coupe,207000,EUR,178020,true,2024-11-23,,
1962,BMW,700 Sport Coupe,1962 BMW 700 Sport Coupe,43700,EUR,37582,true,2024-11-23,,
1972,BMW,3.0 CSL,1972 BMW 3.0 CSL,100625,EUR,86538,true,2024-11-23,,
1963,BMW,3200 CS,1963 BMW 3200 CS,59800,EUR,51428,true,2024-11-23,,
1979,BMW,M1 'Exclusiv by Walter Maurer',1979 BMW M1 'Exclusiv by Walter Maurer',477500,EUR,410650,true,2024-11-23,,
1988,BMW,M3,1988 BMW M3,86250,EUR,74175,true,2024-11-23,,
2005,BMW,M6,2005 BMW M6,36800,EUR,31648,true,2024-11-23,,
2000,BMW,Z8,2000 BMW Z8,189750,EUR,163185,true,2024-11-23,,
1995,BMW,850 Ci,1995 BMW 850 Ci,46000,EUR,39560,true,2024-11-23,,
1933,BMW,3/20 AM 4 Saloon,1933 BMW 3/20 AM 4 Saloon,43700,EUR,37582,true,2024-11-23,,
1965,BMW,1800 Ti/SA,1965 BMW 1800 Ti/SA,120750,EUR,103845,true,2024-11-23,,
1939,BMW,327/28 Sport Cabriolet,1939 BMW 327/28 Sport Cabriolet,146625,EUR,126098,true,2024-11-23,,
1939,BMW,327/28 Sport Cabriolet,1939 BMW 327/28 Sport Cabriolet,172500,EUR,148350,true,2024-11-23,,
1935,BMW,315/1 Roadster,1935 BMW 315/1 Roadster,230000,EUR,197800,true,2024-11-23,,
1940,BMW,335 Cabriolet,1940 BMW 335 Cabriolet,184000,EUR,158240,true,2024-11-23,,
1983,BMW,Alpina B9 3.5 Coupe,1983 BMW Alpina B9 3.5 Coupe,69000,EUR,59340,true,2024-11-23,,
1999,BMW,Z3M Coupe,1999 BMW Z3M Coupe,21440,GBP,21440,true,,,
1996,BMW,320i,1996 BMW 320i,1950,GBP,1950,true,2024-11-16,,
1996,BMW,M3 Evolution,1996 BMW M3 Evolution,12147,GBP,12147,true,2024-11-16,,
2001,BMW,Z3,2001 BMW Z3,1450,GBP,1450,true,2024-11-16,,
2005,BMW,630i,2005 BMW 630i,2050,GBP,2050,true,2024-11-16,,
2005,BMW,630i,2005 BMW 630i,3850,GBP,3850,true,2024-11-16,,
2004,BMW,645 Ci,2004 BMW 645 Ci,1650,GBP,1650,true,2024-11-16,,
2004,BMW,330 Cd Sport,2004 BMW 330 Cd Sport,2050,GBP,2050,true,2024-11-16,,
